cloudlet_id,status,vm_id,length_mi,finished_length_mi,start_time,finish_time,execution_time
4,SUCCESS,4,27500,27500,0.100000,13.860500,13.760500
68,SUCCESS,4,15000,15000,13.970500,21.471000,7.500500
7,SUCCESS,7,95000,95000,0.100000,23.961500,23.861500
5,SUCCESS,5,49000,49000,0.100000,24.643000,24.543000
6,SUCCESS,6,103000,103000,0.100000,25.863000,25.763000
598,SUCCESS,6,15000,15000,25.973000,29.723250,3.750250
415,SUCCESS,7,27500,27500,24.071500,31.058500,6.987000
229,SUCCESS,5,15000,15000,24.753000,32.309000,7.556000
734,SUCCESS,6,15000,15000,29.833250,33.695250,3.862000
742,SUCCESS,6,15000,15000,33.805250,37.665750,3.860500
807,SUCCESS,7,27500,27500,31.168500,38.156500,6.988000
3,SUCCESS,3,81000,81000,0.100000,40.728500,40.628500
894,SUCCESS,6,15000,15000,37.775750,41.527500,3.751750
60,SUCCESS,4,40000,40000,21.581000,41.637500,20.056500
887,SUCCESS,7,27500,27500,38.266500,45.143250,6.876750
2,SUCCESS,2,91000,91000,0.100000,45.622500,45.522500
301,SUCCESS,5,27500,27500,32.419000,46.180500,13.761500
459,SUCCESS,3,15000,15000,40.838500,48.401000,7.562500
534,SUCCESS,6,27500,27500,41.637500,48.621000,6.983500
490,SUCCESS,2,15000,15000,45.732500,53.346500,7.614000
95,SUCCESS,7,40000,40000,45.253250,55.324500,10.071250
587,SUCCESS,3,15000,15000,48.511000,56.125500,7.614500
30,SUCCESS,6,40000,40000,48.731000,58.733750,10.002750
597,SUCCESS,5,27500,27500,46.290500,60.160500,13.870000
172,SUCCESS,4,40000,40000,41.747500,61.871500,20.124000
947,SUCCESS,3,15000,15000,56.235500,63.741000,7.505500
127,SUCCESS,7,40000,40000,55.434500,65.548250,10.113750
186,SUCCESS,2,27500,27500,53.456500,67.218000,13.761500
342,SUCCESS,6,40000,40000,58.843750,68.957750,10.114000
987,SUCCESS,3,15000,15000,63.851000,71.398000,7.547000
359,SUCCESS,7,40000,40000,65.658250,75.770500,10.112250
470,SUCCESS,6,40000,40000,69.067750,79.179500,10.111750
365,SUCCESS,5,40000,40000,60.270500,80.323000,20.052500
570,SUCCESS,2,27500,27500,67.328000,81.086500,13.758500
220,SUCCESS,4,40000,40000,61.981500,81.994500,20.013000
0,SUCCESS,0,83000,83000,0.100000,83.206000,83.106000
347,SUCCESS,3,27500,27500,71.508000,85.266000,13.758000
367,SUCCESS,7,40000,40000,75.880500,85.994250,10.113750
310,SUCCESS,6,45000,45000,79.289500,90.548750,11.259250
1,SUCCESS,1,95000,95000,0.100000,95.322000,95.222000
63,SUCCESS,7,45000,45000,86.104250,97.466000,11.361750
603,SUCCESS,3,27500,27500,85.376000,99.243000,13.867000
522,SUCCESS,2,40000,40000,81.196500,101.277250,20.080750
374,SUCCESS,6,45000,45000,90.658750,102.023250,11.364500
940,SUCCESS,4,40000,40000,82.104500,102.133250,20.028750
645,SUCCESS,5,45000,45000,80.433000,103.059000,22.626000
167,SUCCESS,7,45000,45000,97.576000,108.830500,11.254500
440,SUCCESS,0,27500,27500,83.316000,110.942000,27.626000
635,SUCCESS,3,27500,27500,99.353000,113.162000,13.809000
934,SUCCESS,6,45000,45000,102.133250,113.496250,11.363000
55,SUCCESS,7,47000,47000,108.940500,120.716250,11.775750
674,SUCCESS,2,40000,40000,101.387250,121.398250,20.011000
33,SUCCESS,1,27500,27500,95.432000,122.967000,27.535000
140,SUCCESS,4,45000,45000,102.243250,124.786500,22.543250
965,SUCCESS,5,45000,45000,103.169000,125.782500,22.613500
270,SUCCESS,6,49000,49000,113.606250,125.892500,12.286250
143,SUCCESS,7,47000,47000,120.826250,132.686500,11.860250
11,SUCCESS,3,40000,40000,113.272000,133.390000,20.118000
750,SUCCESS,6,49000,49000,126.002500,138.363000,12.360500
218,SUCCESS,2,45000,45000,121.508250,144.074250,22.566000
423,SUCCESS,7,47000,47000,132.796500,144.547750,11.751250
156,SUCCESS,4,45000,45000,124.896500,147.400750,22.504250
141,SUCCESS,5,47000,47000,125.892500,149.505000,23.612500
817,SUCCESS,1,27500,27500,123.077000,150.590000,27.513000
830,SUCCESS,6,49000,49000,138.473000,150.810000,12.337000
51,SUCCESS,3,40000,40000,133.500000,153.613500,20.113500
160,SUCCESS,0,45000,45000,111.052000,156.190000,45.138000
655,SUCCESS,7,47000,47000,144.657750,156.410000,11.752250
942,SUCCESS,6,49000,49000,150.920000,163.171750,12.251750
546,SUCCESS,2,45000,45000,144.184250,166.690000,22.505750
679,SUCCESS,7,47000,47000,156.520000,168.380750,11.860750
164,SUCCESS,4,45000,45000,147.510750,170.017250,22.506500
397,SUCCESS,5,47000,47000,149.615000,173.231000,23.616000
563,SUCCESS,3,40000,40000,153.723500,173.838000,20.114500
150,SUCCESS,6,51000,51000,163.281750,176.058250,12.776500
751,SUCCESS,7,49000,49000,168.490750,180.852250,12.361500
566,SUCCESS,6,51000,51000,176.168250,188.962500,12.794250
610,SUCCESS,2,45000,45000,166.800000,189.342500,22.542500
417,SUCCESS,1,40000,40000,150.700000,190.715000,40.015000
660,SUCCESS,4,47000,47000,170.127250,193.708000,23.580750
487,SUCCESS,7,51000,51000,180.962250,193.818000,12.855750
691,SUCCESS,3,40000,40000,173.948000,194.038000,20.090000
341,SUCCESS,5,49000,49000,173.341000,197.846500,24.505500
240,SUCCESS,0,45000,45000,156.300000,201.315000,45.015000
870,SUCCESS,6,51000,51000,189.072500,201.934250,12.861750
463,SUCCESS,7,53000,53000,193.928000,207.264250,13.336250
970,SUCCESS,2,45000,45000,189.452500,211.956000,22.503500
763,SUCCESS,3,40000,40000,194.148000,214.176000,20.028000
422,SUCCESS,6,53000,53000,202.044250,215.396250,13.352000
20,SUCCESS,4,51000,51000,193.818000,219.431000,25.613000
727,SUCCESS,7,53000,53000,207.374250,220.651250,13.277000
517,SUCCESS,5,49000,49000,197.956500,222.570500,24.614000
638,SUCCESS,6,53000,53000,215.506250,228.790750,13.284500
921,SUCCESS,1,40000,40000,190.825000,230.936000,40.111000
39,SUCCESS,7,55000,55000,220.761250,234.576500,13.815250
130,SUCCESS,2,47000,47000,212.066000,235.571000,23.505000
243,SUCCESS,3,45000,45000,214.286000,236.791500,22.505500
702,SUCCESS,6,53000,53000,228.900750,242.262250,13.361500
908,SUCCESS,4,51000,51000,219.541000,245.046500,25.505500
752,SUCCESS,0,45000,45000,201.425000,246.438000,45.013000
781,SUCCESS,5,49000,49000,222.680500,247.295000,24.614500
615,SUCCESS,7,55000,55000,234.686500,248.515250,13.828750
862,SUCCESS,6,53000,53000,242.372250,255.733750,13.361500
210,SUCCESS,2,47000,47000,235.681000,259.296500,23.615500
395,SUCCESS,3,47000,47000,236.901500,260.517000,23.615500
831,SUCCESS,7,55000,55000,248.625250,262.377250,13.752000
110,SUCCESS,6,55000,55000,255.843750,269.597500,13.753750
804,SUCCESS,4,53000,53000,245.156500,271.708000,26.551500
853,SUCCESS,5,49000,49000,247.405000,271.928000,24.523000
65,SUCCESS,1,45000,45000,231.046000,276.135000,45.089000
175,SUCCESS,7,59000,59000,262.487250,277.348250,14.861000
986,SUCCESS,2,47000,47000,259.406500,283.006750,23.600250
126,SUCCESS,6,55000,55000,269.707500,283.459250,13.751750
371,SUCCESS,3,49000,49000,260.627000,285.241000,24.614000
983,SUCCESS,7,59000,59000,277.458250,292.319500,14.861250
8,SUCCESS,0,47000,47000,246.548000,293.675000,47.127000
877,SUCCESS,5,49000,49000,272.038000,296.563250,24.525250
678,SUCCESS,6,55000,55000,283.569250,297.430750,13.861500
148,SUCCESS,4,55000,55000,271.818000,299.434000,27.616000
74,SUCCESS,2,49000,49000,283.116750,307.654500,24.537750
159,SUCCESS,7,61000,61000,292.429500,307.764500,15.335000
595,SUCCESS,3,49000,49000,285.351000,309.965000,24.614000
462,SUCCESS,6,59000,59000,297.540750,312.326750,14.786000
641,SUCCESS,1,45000,45000,276.245000,321.256000,45.011000
45,SUCCESS,5,51000,51000,296.673250,322.286500,25.613250
351,SUCCESS,7,61000,61000,307.874500,323.236000,15.361500
900,SUCCESS,4,55000,55000,299.544000,327.047000,27.503000
582,SUCCESS,6,59000,59000,312.436750,327.267000,14.830250
242,SUCCESS,2,49000,49000,307.764500,332.377500,24.613000
651,SUCCESS,3,49000,49000,310.075000,334.597500,24.522500
695,SUCCESS,7,61000,61000,323.346000,338.707000,15.361000
512,SUCCESS,0,47000,47000,293.785000,340.797000,47.012000
774,SUCCESS,6,59000,59000,327.377000,342.238750,14.861750
205,SUCCESS,5,51000,51000,322.396500,348.010500,25.614000
932,SUCCESS,4,55000,55000,327.157000,354.678500,27.521500
543,SUCCESS,7,63000,63000,338.817000,354.678500,15.861500
46,SUCCESS,6,61000,61000,342.348750,357.617500,15.268750
770,SUCCESS,2,51000,51000,332.487500,357.991500,25.504000
675,SUCCESS,3,49000,49000,334.707500,359.211500,24.504000
785,SUCCESS,1,45000,45000,321.366000,366.432000,45.066000
87,SUCCESS,7,65000,65000,354.788500,371.039500,16.251000
62,SUCCESS,6,61000,61000,357.727500,373.088500,15.361000
333,SUCCESS,5,51000,51000,348.120500,373.624000,25.503500
786,SUCCESS,2,51000,51000,358.101500,383.623000,25.521500
955,SUCCESS,3,49000,49000,359.321500,383.843000,24.521500
28,SUCCESS,4,59000,59000,354.788500,384.403000,29.614500
279,SUCCESS,7,65000,65000,371.149500,387.479750,16.330250
840,SUCCESS,0,47000,47000,340.907000,387.970500,47.063500
438,SUCCESS,6,61000,61000,373.198500,388.480000,15.281500
149,SUCCESS,5,53000,53000,373.734000,400.237500,26.503500
606,SUCCESS,6,61000,61000,388.590000,403.840250,15.250250
311,SUCCESS,7,65000,65000,387.589750,403.950250,16.360500
963,SUCCESS,3,49000,49000,383.953000,408.505500,24.552500
114,SUCCESS,2,53000,53000,383.733000,410.346000,26.613000
41,SUCCESS,1,47000,47000,366.542000,413.567000,47.025000
364,SUCCESS,4,59000,59000,384.513000,414.127000,29.614000
718,SUCCESS,6,61000,61000,403.950250,419.201750,15.251500
559,SUCCESS,7,65000,65000,404.060250,420.312000,16.251750
269,SUCCESS,5,55000,55000,400.347500,427.851500,27.504000
427,SUCCESS,3,53000,53000,408.615500,435.229000,26.613500
118,SUCCESS,6,65000,65000,419.311750,435.562500,16.250750
663,SUCCESS,7,65000,65000,420.422000,436.672750,16.250750
602,SUCCESS,2,53000,53000,410.456000,436.960250,26.504250
256,SUCCESS,0,49000,49000,388.080500,437.180250,49.099750
492,SUCCESS,4,59000,59000,414.237000,443.740000,29.503000
278,SUCCESS,6,65000,65000,435.672500,451.960250,16.287750
719,SUCCESS,7,67000,67000,436.782750,453.573000,16.790250
477,SUCCESS,5,55000,55000,427.961500,455.574500,27.613000
889,SUCCESS,1,47000,47000,413.677000,460.795000,47.118000
715,SUCCESS,3,53000,53000,435.339000,461.937500,26.598500
10,SUCCESS,2,55000,55000,437.070250,464.636000,27.565750
334,SUCCESS,6,65000,65000,452.070250,468.322250,16.252000
759,SUCCESS,7,67000,67000,453.683000,470.542500,16.859500
588,SUCCESS,4,59000,59000,443.850000,473.464500,29.614500
557,SUCCESS,5,55000,55000,455.684500,483.298000,27.613500
846,SUCCESS,6,65000,65000,468.432250,484.793250,16.361000
648,SUCCESS,0,49000,49000,437.290250,486.303000,49.012750
911,SUCCESS,7,67000,67000,470.652500,487.404000,16.751500
795,SUCCESS,3,53000,53000,462.047500,488.624500,26.577000
538,SUCCESS,2,55000,55000,464.746000,492.362000,27.616000
414,SUCCESS,6,67000,67000,484.903250,501.765250,16.862000
612,SUCCESS,4,59000,59000,473.574500,503.191000,29.616500
183,SUCCESS,7,71000,71000,487.514000,505.376250,17.862250
937,SUCCESS,1,47000,47000,460.905000,507.922000,47.017000
861,SUCCESS,5,55000,55000,483.408000,510.993500,27.585500
555,SUCCESS,3,55000,55000,488.734500,516.323500,27.589000
502,SUCCESS,6,67000,67000,501.875250,518.736750,16.861500
938,SUCCESS,2,55000,55000,492.472000,520.087500,27.615500
239,SUCCESS,7,71000,71000,505.486250,523.307750,17.821500
116,SUCCESS,4,61000,61000,503.301000,533.916000,30.615000
688,SUCCESS,0,49000,49000,486.413000,535.513000,49.100000
134,SUCCESS,6,71000,71000,518.846750,536.708750,17.862000
21,SUCCESS,5,59000,59000,511.103500,540.609250,29.505750
575,SUCCESS,7,71000,71000,523.417750,541.169250,17.751500
883,SUCCESS,3,59000,59000,516.433500,546.049500,29.616000
906,SUCCESS,2,59000,59000,520.197500,549.811500,29.614000
662,SUCCESS,6,71000,71000,536.818750,554.680000,17.861250
721,SUCCESS,1,49000,49000,508.032000,557.156000,49.124000
815,SUCCESS,7,71000,71000,541.279250,559.141000,17.861750
316,SUCCESS,4,63000,63000,534.026000,565.641000,31.615000
349,SUCCESS,5,59000,59000,540.719250,570.333500,29.614250
822,SUCCESS,6,75000,75000,554.790000,573.553750,18.763750
839,SUCCESS,7,71000,71000,559.251000,577.111000,17.860000
203,SUCCESS,3,63000,63000,546.159500,577.776000,31.616500
562,SUCCESS,2,61000,61000,549.921500,580.428500,30.507000
864,SUCCESS,0,49000,49000,535.623000,584.649000,49.026000
886,SUCCESS,6,75000,75000,573.663750,592.415500,18.751750
79,SUCCESS,7,73000,73000,577.221000,595.472250,18.251250
76,SUCCESS,4,65000,65000,565.751000,598.366750,32.615750
485,SUCCESS,5,59000,59000,570.443500,600.059000,29.615500
289,SUCCESS,1,51000,51000,557.266000,608.332000,51.066000
731,SUCCESS,3,63000,63000,577.886000,609.500000,31.614000
238,SUCCESS,6,77000,77000,592.525500,611.777750,19.252250
466,SUCCESS,2,63000,63000,580.538500,612.153250,31.614750
295,SUCCESS,7,73000,73000,595.582250,613.834750,18.252500
621,SUCCESS,5,59000,59000,600.169000,629.782500,29.613500
124,SUCCESS,4,65000,65000,598.476750,631.002500,32.525750
550,SUCCESS,6,77000,77000,611.887750,631.222500,19.334750
511,SUCCESS,7,73000,73000,613.944750,632.195750,18.251000
720,SUCCESS,0,51000,51000,584.759000,635.773000,51.014000
739,SUCCESS,3,63000,63000,609.610000,641.224500,31.614500
482,SUCCESS,2,65000,65000,612.263250,644.877000,32.613750
686,SUCCESS,6,77000,77000,631.332500,650.667000,19.334500
799,SUCCESS,7,73000,73000,632.305750,650.667000,18.361250
989,SUCCESS,5,59000,59000,629.892500,659.396500,29.504000
945,SUCCESS,1,51000,51000,608.442000,659.506500,51.064500
476,SUCCESS,4,65000,65000,631.112500,663.726500,32.614000
999,SUCCESS,7,73000,73000,650.777000,669.138000,18.361000
758,SUCCESS,6,77000,77000,650.777000,670.138500,19.361500
915,SUCCESS,3,63000,63000,641.334500,672.838000,31.503500
514,SUCCESS,2,65000,65000,644.987000,677.491000,32.504000
535,SUCCESS,7,75000,75000,669.248000,688.109250,18.861250
320,SUCCESS,0,53000,53000,635.883000,688.898000,53.015000
854,SUCCESS,6,79000,79000,670.248500,690.101500,19.853000
469,SUCCESS,5,61000,61000,659.506500,690.101500,30.595000
516,SUCCESS,4,65000,65000,663.836500,696.348500,32.512000
923,SUCCESS,3,63000,63000,672.948000,704.561000,31.613000
495,SUCCESS,7,79000,79000,688.219250,708.080000,19.860750
842,SUCCESS,2,65000,65000,677.601000,710.104500,32.503500
190,SUCCESS,6,81000,81000,690.211500,710.462500,20.251000
497,SUCCESS,1,53000,53000,659.616500,712.683000,53.066500
573,SUCCESS,5,61000,61000,690.211500,720.714500,30.503000
551,SUCCESS,7,79000,79000,708.190000,728.051250,19.861250
548,SUCCESS,4,65000,65000,696.458500,728.963000,32.504500
302,SUCCESS,6,81000,81000,710.572500,730.860750,20.288250
147,SUCCESS,3,67000,67000,704.671000,738.285000,33.614000
994,SUCCESS,2,65000,65000,710.214500,742.828500,32.614000
24,SUCCESS,0,55000,55000,689.008000,744.049000,55.041000
783,SUCCESS,7,79000,79000,728.161250,747.913000,19.751750
726,SUCCESS,6,81000,81000,730.970750,751.309250,20.338500
693,SUCCESS,5,61000,61000,720.824500,751.419250,30.594750
180,SUCCESS,4,67000,67000,729.073000,762.639500,33.566500
553,SUCCESS,1,53000,53000,712.793000,765.860000,53.067000
895,SUCCESS,7,79000,79000,748.023000,767.774500,19.751500
782,SUCCESS,6,81000,81000,751.419250,771.774750,20.355500
267,SUCCESS,3,67000,67000,738.395000,771.994750,33.599750
474,SUCCESS,2,67000,67000,742.938500,776.448000,33.509500
701,SUCCESS,5,61000,61000,751.529250,782.142500,30.613250
399,SUCCESS,7,81000,81000,767.884500,788.245500,20.361000
94,SUCCESS,6,83000,83000,771.884750,792.745750,20.861000
196,SUCCESS,4,67000,67000,762.749500,796.254500,33.505000
104,SUCCESS,0,55000,55000,744.159000,799.171000,55.012000
699,SUCCESS,3,67000,67000,772.104750,805.717500,33.612750
991,SUCCESS,7,81000,81000,788.355500,808.606750,20.251250
658,SUCCESS,2,71000,71000,776.558000,812.062500,35.504500
494,SUCCESS,6,83000,83000,792.855750,813.717500,20.861750
117,SUCCESS,5,63000,63000,782.252500,813.827500,31.575000
465,SUCCESS,1,55000,55000,765.970000,821.046000,55.076000
431,SUCCESS,7,83000,83000,808.716750,829.468000,20.751250
260,SUCCESS,4,71000,71000,796.364500,831.978000,35.613500
78,SUCCESS,6,85000,85000,813.827500,835.100250,21.272750
99,SUCCESS,3,71000,71000,805.827500,841.341000,35.513500
565,SUCCESS,5,63000,63000,813.937500,845.439500,31.502000
954,SUCCESS,2,71000,71000,812.172500,847.786000,35.613500
847,SUCCESS,7,83000,83000,829.578000,850.329750,20.751750
808,SUCCESS,0,55000,55000,799.281000,854.295000,55.014000
214,SUCCESS,6,85000,85000,835.210250,856.515250,21.305000
812,SUCCESS,4,71000,71000,832.088000,867.701500,35.613500
319,SUCCESS,7,85000,85000,850.439750,871.690500,21.250750
331,SUCCESS,3,71000,71000,841.451000,877.065000,35.614000
406,SUCCESS,6,85000,85000,856.625250,877.876500,21.251250
197,SUCCESS,5,65000,65000,845.549500,878.096500,32.547000
265,SUCCESS,1,59000,59000,821.156000,880.279000,59.123000
706,SUCCESS,2,75000,75000,847.896000,885.499500,37.603500
375,SUCCESS,7,85000,85000,871.800500,893.052500,21.252000
294,SUCCESS,6,87000,87000,877.986500,899.848000,21.861500
876,SUCCESS,4,71000,71000,867.811500,903.426500,35.615000
944,SUCCESS,0,55000,55000,854.405000,909.417000,55.012000
261,SUCCESS,5,65000,65000,878.206500,910.821000,32.614500
419,SUCCESS,3,71000,71000,877.175000,912.681000,35.506000
863,SUCCESS,7,85000,85000,893.162500,914.524500,21.362000
478,SUCCESS,6,87000,87000,899.958000,921.744750,21.786750
818,SUCCESS,2,75000,75000,885.609500,923.114500,37.505000
935,SUCCESS,7,85000,85000,914.634500,935.995250,21.360750
292,SUCCESS,4,73000,73000,903.536500,940.044500,36.508000
353,SUCCESS,1,61000,61000,880.389000,941.403500,61.014500
613,SUCCESS,5,65000,65000,910.931000,943.434000,32.503000
790,SUCCESS,6,87000,87000,921.854750,943.654000,21.799250
891,SUCCESS,3,71000,71000,912.791000,948.404000,35.613000
119,SUCCESS,7,87000,87000,936.105250,957.856500,21.751250
42,SUCCESS,2,77000,77000,923.224500,961.838500,38.614000
950,SUCCESS,6,87000,87000,943.764000,965.625750,21.861750
368,SUCCESS,0,59000,59000,909.527000,968.540750,59.013750
661,SUCCESS,5,65000,65000,943.544000,976.118500,32.574500
788,SUCCESS,4,73000,73000,940.154500,976.660000,36.505500
879,SUCCESS,7,87000,87000,957.966500,979.718250,21.751750
843,SUCCESS,3,73000,73000,948.514000,985.019500,36.505500
86,SUCCESS,6,89000,89000,965.735750,987.986750,22.251000
50,SUCCESS,2,77000,77000,961.948500,1000.465500,38.517000
47,SUCCESS,7,89000,89000,979.828250,1002.079250,22.251000
841,SUCCESS,1,61000,61000,941.513500,1002.529000,61.015500
685,SUCCESS,5,65000,65000,976.228500,1008.749500,32.521000
102,SUCCESS,6,89000,89000,988.096750,1010.348250,22.251500
244,SUCCESS,4,75000,75000,976.770000,1014.384500,37.614500
43,SUCCESS,3,75000,75000,985.129500,1022.633500,37.504000
567,SUCCESS,7,89000,89000,1002.189250,1024.550750,22.361500
416,SUCCESS,0,59000,59000,968.650750,1027.771000,59.120250
174,SUCCESS,6,89000,89000,1010.458250,1032.710500,22.252250
498,SUCCESS,2,77000,77000,1000.575500,1039.193500,38.618000
725,SUCCESS,5,65000,65000,1008.859500,1041.413500,32.554000
639,SUCCESS,7,89000,89000,1024.660750,1046.913500,22.252750
420,SUCCESS,4,75000,75000,1014.494500,1052.090000,37.595500
222,SUCCESS,6,89000,89000,1032.820500,1055.073000,22.252500
995,SUCCESS,3,75000,75000,1022.743500,1060.293000,37.549500
657,SUCCESS,1,63000,63000,1002.639000,1065.669000,63.030000
111,SUCCESS,7,93000,93000,1047.023500,1070.385750,23.362250
461,SUCCESS,5,67000,67000,1041.523500,1075.031250,33.507750
398,SUCCESS,6,89000,89000,1055.183000,1077.545750,22.362750
634,SUCCESS,2,77000,77000,1039.303500,1077.814750,38.511250
668,SUCCESS,4,75000,75000,1052.200000,1089.709000,37.509000
112,SUCCESS,0,63000,63000,1027.881000,1090.929000,63.048000
231,SUCCESS,7,93000,93000,1070.495750,1093.819500,23.323750
590,SUCCESS,6,89000,89000,1077.655750,1099.978500,22.322750
131,SUCCESS,3,79000,79000,1060.403000,1099.978500,39.575500
629,SUCCESS,5,71000,71000,1075.141250,1110.670000,35.528750
978,SUCCESS,2,77000,77000,1077.924750,1116.511000,38.586250
263,SUCCESS,7,93000,93000,1093.929500,1117.181500,23.252000
510,SUCCESS,6,91000,91000,1100.088500,1122.840000,22.751500
636,SUCCESS,4,77000,77000,1089.819000,1128.437000,38.618000
953,SUCCESS,1,63000,63000,1065.779000,1128.812000,63.033000
499,SUCCESS,3,79000,79000,1100.088500,1139.704500,39.616000
767,SUCCESS,7,93000,93000,1117.291500,1140.543750,23.252250
518,SUCCESS,6,91000,91000,1122.950000,1145.763750,22.813750
309,SUCCESS,5,73000,73000,1110.780000,1147.399000,36.619000
680,SUCCESS,0,63000,63000,1091.039000,1154.070000,63.031000
826,SUCCESS,2,79000,79000,1116.621000,1156.131000,39.510000
31,SUCCESS,7,95000,95000,1140.653750,1164.516500,23.862750
652,SUCCESS,4,77000,77000,1128.547000,1167.167000,38.620000
838,SUCCESS,6,91000,91000,1145.873750,1168.627500,22.753750
755,SUCCESS,3,79000,79000,1139.814500,1179.435500,39.621000
373,SUCCESS,5,73000,73000,1147.509000,1184.128000,36.619000
287,SUCCESS,7,95000,95000,1164.626500,1188.490000,23.863500
246,SUCCESS,6,93000,93000,1168.737500,1191.990750,23.253250
145,SUCCESS,1,65000,65000,1128.922000,1193.970000,65.048000
146,SUCCESS,2,81000,81000,1156.241000,1196.784500,40.543500
692,SUCCESS,4,77000,77000,1167.277000,1205.895000,38.618000
335,SUCCESS,7,95000,95000,1188.600000,1212.457250,23.857250
254,SUCCESS,6,93000,93000,1192.100750,1215.353000,23.252250
696,SUCCESS,0,63000,63000,1154.180000,1217.328000,63.148000
787,SUCCESS,3,79000,79000,1179.545500,1219.058000,39.512500
893,SUCCESS,5,73000,73000,1184.238000,1220.859000,36.621000
503,SUCCESS,7,95000,95000,1212.567250,1236.429250,23.862000
354,SUCCESS,2,81000,81000,1196.894500,1237.403500,40.509000
966,SUCCESS,6,95000,95000,1215.463000,1239.215750,23.752750
708,SUCCESS,4,77000,77000,1206.005000,1244.624500,38.619500
249,SUCCESS,1,65000,65000,1194.080000,1259.111000,65.031000
237,SUCCESS,5,77000,77000,1220.969000,1259.551000,38.582000
19,SUCCESS,3,81000,81000,1219.168000,1259.771000,40.603000
583,SUCCESS,7,97000,97000,1236.539250,1260.903250,24.364000
902,SUCCESS,6,97000,97000,1239.325750,1263.676750,24.351000
722,SUCCESS,2,81000,81000,1237.513500,1278.134500,40.621000
248,SUCCESS,0,65000,65000,1217.438000,1282.584000,65.146000
748,SUCCESS,4,77000,77000,1244.734500,1283.356000,38.621500
959,SUCCESS,7,97000,97000,1261.013250,1285.376500,24.363250
998,SUCCESS,6,97000,97000,1263.786750,1288.150500,24.363750
493,SUCCESS,5,77000,77000,1259.661000,1298.174000,38.513000
467,SUCCESS,3,81000,81000,1259.881000,1300.504500,40.623500
927,SUCCESS,7,99000,99000,1285.486500,1310.239250,24.752750
14,SUCCESS,6,99000,99000,1288.260500,1313.122500,24.862000
794,SUCCESS,2,81000,81000,1278.244500,1318.757000,40.512500
380,SUCCESS,4,79000,79000,1283.466000,1322.977000,39.511000
481,SUCCESS,1,65000,65000,1259.221000,1324.307000,65.086000
455,SUCCESS,7,101000,101000,1310.349250,1335.711750,25.362500
509,SUCCESS,5,79000,79000,1298.284000,1337.822500,39.538500
366,SUCCESS,6,99000,99000,1313.232500,1338.042500,24.810000
771,SUCCESS,3,81000,81000,1300.614500,1341.235000,40.620500
288,SUCCESS,0,65000,65000,1282.694000,1347.846000,65.152000
106,SUCCESS,2,83000,83000,1318.867000,1360.379000,41.512000
647,SUCCESS,7,101000,101000,1335.821750,1361.075750,25.254000
956,SUCCESS,4,79000,79000,1323.087000,1362.633500,39.546500
486,SUCCESS,6,99000,99000,1338.152500,1363.016250,24.863750
589,SUCCESS,5,79000,79000,1337.932500,1377.443000,39.510500
27,SUCCESS,3,83000,83000,1341.345000,1382.853500,41.508500
519,SUCCESS,7,103000,103000,1361.185750,1386.974500,25.788750
646,SUCCESS,6,101000,101000,1363.126250,1388.403250,25.277000
537,SUCCESS,1,65000,65000,1324.417000,1389.567000,65.150000
202,SUCCESS,2,83000,83000,1360.489000,1402.000000,41.511000
84,SUCCESS,4,81000,81000,1362.743500,1403.330000,40.586500
544,SUCCESS,0,65000,65000,1347.956000,1413.088250,65.132250
207,SUCCESS,7,105000,105000,1387.084500,1413.338000,26.253500
990,SUCCESS,6,101000,101000,1388.513250,1413.766500,25.253250
213,SUCCESS,5,81000,81000,1377.553000,1418.175000,40.622000
75,SUCCESS,3,83000,83000,1382.963500,1424.477000,41.513500
670,SUCCESS,6,103000,103000,1413.876500,1439.697000,25.820500
711,SUCCESS,7,105000,105000,1413.448000,1439.807000,26.359000
418,SUCCESS,2,83000,83000,1402.110000,1443.698500,41.588500
228,SUCCESS,4,81000,81000,1403.440000,1443.949500,40.509500
561,SUCCESS,1,65000,65000,1389.677000,1454.754000,65.077000
765,SUCCESS,5,81000,81000,1418.285000,1458.791000,40.506000
918,SUCCESS,6,103000,103000,1439.807000,1465.559500,25.752500
211,SUCCESS,3,83000,83000,1424.587000,1466.094000,41.507000
951,SUCCESS,7,105000,105000,1439.917000,1466.204000,26.287000
928,SUCCESS,0,65000,65000,1413.198250,1478.226000,65.027750
820,SUCCESS,4,81000,81000,1444.059500,1484.565500,40.506000
426,SUCCESS,2,83000,83000,1443.808500,1485.315500,41.507000
182,SUCCESS,6,105000,105000,1465.669500,1492.031500,26.362000
479,SUCCESS,7,107000,107000,1466.314000,1493.176250,26.862250
885,SUCCESS,5,83000,83000,1458.901000,1500.520000,41.619000
235,SUCCESS,3,83000,83000,1466.204000,1507.740000,41.536000
558,SUCCESS,6,107000,107000,1492.141500,1518.960000,26.818500
577,SUCCESS,1,65000,65000,1454.864000,1519.932000,65.068000
71,SUCCESS,7,109000,109000,1493.286250,1520.606750,27.320500
852,SUCCESS,4,81000,81000,1484.675500,1525.296500,40.621000
594,SUCCESS,2,83000,83000,1485.425500,1526.937500,41.512000
285,SUCCESS,5,85000,85000,1500.630000,1543.157500,42.527500
448,SUCCESS,0,67000,67000,1478.336000,1545.378000,67.042000
926,SUCCESS,6,107000,107000,1519.070000,1545.823000,26.753000
103,SUCCESS,7,109000,109000,1520.716750,1548.036250,27.319500
275,SUCCESS,3,83000,83000,1507.850000,1549.366250,41.516250
988,SUCCESS,4,81000,81000,1525.406500,1566.023500,40.617000
762,SUCCESS,2,83000,83000,1527.047500,1568.665500,41.618000
286,SUCCESS,6,109000,109000,1545.933000,1573.186500,27.253500
215,SUCCESS,7,109000,109000,1548.146250,1575.406500,27.260250
745,SUCCESS,1,65000,65000,1520.042000,1585.075500,65.033500
813,SUCCESS,5,85000,85000,1543.267500,1585.779500,42.512000
139,SUCCESS,3,85000,85000,1549.476250,1592.000000,42.523750
358,SUCCESS,6,109000,109000,1573.296500,1600.658750,27.362250
687,SUCCESS,7,109000,109000,1575.516500,1602.878750,27.362250
44,SUCCESS,4,83000,83000,1566.133500,1607.754000,41.620500
946,SUCCESS,2,83000,83000,1568.775500,1610.286000,41.510500
464,SUCCESS,0,67000,67000,1545.488000,1612.527000,67.039000
430,SUCCESS,6,109000,109000,1600.768750,1628.021250,27.252500
173,SUCCESS,5,87000,87000,1585.889500,1629.509000,43.619500
191,SUCCESS,7,111000,111000,1602.988750,1630.851750,27.863000
315,SUCCESS,3,85000,85000,1592.110000,1634.731500,42.621500
276,SUCCESS,4,83000,83000,1607.864000,1649.482500,41.618500
969,SUCCESS,1,65000,65000,1585.185500,1650.221500,65.036000
346,SUCCESS,2,85000,85000,1610.396000,1652.906500,42.510500
526,SUCCESS,6,109000,109000,1628.131250,1655.479000,27.347750
471,SUCCESS,7,111000,111000,1630.961750,1658.715250,27.753500
181,SUCCESS,5,87000,87000,1629.619000,1673.129500,43.510500
531,SUCCESS,3,85000,85000,1634.841500,1677.459500,42.618000
504,SUCCESS,0,67000,67000,1612.637000,1679.680000,67.043000
390,SUCCESS,6,111000,111000,1655.589000,1683.341750,27.752750
599,SUCCESS,7,111000,111000,1658.825250,1686.578000,27.752750
300,SUCCESS,4,85000,85000,1649.592500,1692.103500,42.511000
410,SUCCESS,2,85000,85000,1653.016500,1695.527000,42.510500
614,SUCCESS,6,111000,111000,1683.451750,1711.203250,27.751500
623,SUCCESS,7,111000,111000,1686.688000,1714.439500,27.751500
501,SUCCESS,5,87000,87000,1673.239500,1716.859000,43.619500
73,SUCCESS,1,67000,67000,1650.331500,1717.474000,67.142500
443,SUCCESS,3,87000,87000,1677.569500,1721.080500,43.511000
844,SUCCESS,4,85000,85000,1692.213500,1734.831000,42.617500
506,SUCCESS,2,85000,85000,1695.637000,1738.235500,42.598500
710,SUCCESS,6,111000,111000,1711.313250,1739.177000,27.863750
23,SUCCESS,7,113000,113000,1714.549500,1742.803500,28.254000
760,SUCCESS,0,67000,67000,1679.790000,1746.915000,67.125000
709,SUCCESS,5,87000,87000,1716.969000,1760.562500,43.593500
227,SUCCESS,3,89000,89000,1721.190500,1765.782500,44.592000
158,SUCCESS,6,113000,113000,1739.287000,1767.649500,28.362500
271,SUCCESS,7,113000,113000,1742.913500,1771.276750,28.363250
596,SUCCESS,4,87000,87000,1734.941000,1778.497000,43.556000
858,SUCCESS,2,85000,85000,1738.345500,1780.857500,42.512000
529,SUCCESS,1,67000,67000,1717.584000,1784.619000,67.035000
198,SUCCESS,6,113000,113000,1767.759500,1796.122500,28.363000
383,SUCCESS,7,113000,113000,1771.386750,1799.639500,28.252750
53,SUCCESS,5,89000,89000,1760.672500,1805.184000,44.511500
931,SUCCESS,3,89000,89000,1765.892500,1810.404000,44.511500
856,SUCCESS,0,67000,67000,1747.025000,1814.056000,67.031000
644,SUCCESS,4,87000,87000,1778.607000,1822.224000,43.617000
874,SUCCESS,2,85000,85000,1780.967500,1823.585500,42.618000
622,SUCCESS,6,113000,113000,1796.232500,1824.596250,28.363750
303,SUCCESS,7,115000,115000,1799.749500,1828.504000,28.754500
165,SUCCESS,5,93000,93000,1805.294000,1851.912500,46.618500
766,SUCCESS,6,113000,113000,1824.706250,1853.045000,28.338750
9,SUCCESS,1,71000,71000,1784.729000,1855.869000,71.140000
515,SUCCESS,3,91000,91000,1810.514000,1856.089000,45.575000
775,SUCCESS,7,115000,115000,1828.614000,1857.387500,28.773500
764,SUCCESS,4,87000,87000,1822.334000,1865.846000,43.512000
266,SUCCESS,2,87000,87000,1823.695500,1867.206500,43.511000
910,SUCCESS,6,113000,113000,1853.155000,1881.426500,28.271500
64,SUCCESS,0,73000,73000,1814.166000,1887.202000,73.036000
199,SUCCESS,7,119000,119000,1857.497500,1887.312000,29.814500
909,SUCCESS,5,93000,93000,1852.022500,1898.642000,46.619500
707,SUCCESS,3,93000,93000,1856.199000,1902.816500,46.617500
796,SUCCESS,4,87000,87000,1865.956000,1909.472250,43.516250
70,SUCCESS,6,115000,115000,1881.536500,1910.336500,28.800000
682,SUCCESS,2,87000,87000,1867.316500,1910.935500,43.619000
255,SUCCESS,7,119000,119000,1887.422000,1917.265500,29.843500
137,SUCCESS,1,71000,71000,1855.979000,1927.125000,71.146000
814,SUCCESS,6,115000,115000,1910.446500,1939.308750,28.862250
933,SUCCESS,5,93000,93000,1898.752000,1945.263500,46.511500
527,SUCCESS,7,119000,119000,1917.375500,1947.237250,29.861750
339,SUCCESS,3,95000,95000,1902.926500,1950.457500,47.531000
52,SUCCESS,4,89000,89000,1909.582250,1954.094500,44.512250
34,SUCCESS,2,89000,89000,1911.045500,1955.555000,44.509500
136,SUCCESS,0,75000,75000,1887.312000,1962.351000,75.039000
382,SUCCESS,6,117000,117000,1939.418750,1968.781500,29.362750
607,SUCCESS,7,119000,119000,1947.347250,1977.209750,29.862500
741,SUCCESS,5,95000,95000,1945.373500,1992.992500,47.619000
723,SUCCESS,3,95000,95000,1950.567500,1998.082500,47.515000
897,SUCCESS,1,71000,71000,1927.235000,1998.302500,71.067500
318,SUCCESS,6,119000,119000,1968.891500,1998.644000,29.752500
236,SUCCESS,4,89000,89000,1954.204500,1998.754000,44.549500
314,SUCCESS,2,89000,89000,1955.665000,2000.284000,44.619000
871,SUCCESS,7,119000,119000,1977.319750,2007.072750,29.753000
542,SUCCESS,6,119000,119000,1998.754000,2028.615250,29.861250
943,SUCCESS,7,119000,119000,2007.182750,2036.945250,29.762500
640,SUCCESS,0,75000,75000,1962.461000,2037.544000,75.083000
61,SUCCESS,5,97000,97000,1993.102500,2041.722000,48.619500
436,SUCCESS,4,89000,89000,1998.864000,2043.482000,44.618000
834,SUCCESS,2,89000,89000,2000.394000,2045.012000,44.618000
827,SUCCESS,3,95000,95000,1998.192500,2045.705500,47.513000
350,SUCCESS,6,121000,121000,2028.725250,2058.979500,30.254250
247,SUCCESS,7,121000,121000,2037.055250,2067.329250,30.274000
201,SUCCESS,1,73000,73000,1998.412500,2071.550000,73.137500
916,SUCCESS,4,89000,89000,2043.592000,2088.207000,44.615000
958,SUCCESS,6,121000,121000,2059.089500,2089.427250,30.337750
922,SUCCESS,2,89000,89000,2045.122000,2089.647250,44.525250
605,SUCCESS,5,97000,97000,2041.832000,2090.449750,48.617750
91,SUCCESS,3,99000,99000,2045.815500,2095.430500,49.615000
391,SUCCESS,7,121000,121000,2067.439250,2097.801750,30.362500
664,SUCCESS,0,77000,77000,2037.654000,2114.678000,77.024000
630,SUCCESS,6,123000,123000,2089.537250,2120.399250,30.862000
407,SUCCESS,7,121000,121000,2097.911750,2128.163000,30.251250
268,SUCCESS,4,91000,91000,2088.317000,2133.932500,45.615500
386,SUCCESS,2,91000,91000,2089.757250,2135.330000,45.572750
85,SUCCESS,5,99000,99000,2090.559750,2140.065500,49.505750
713,SUCCESS,1,73000,73000,2071.660000,2144.719000,73.059000
179,SUCCESS,3,99000,99000,2095.540500,2145.046000,49.505500
974,SUCCESS,6,127000,127000,2120.509250,2152.324750,31.815500
447,SUCCESS,7,121000,121000,2128.273000,2158.545000,30.272000
756,SUCCESS,4,91000,91000,2134.042500,2179.655500,45.613000
458,SUCCESS,2,91000,91000,2135.440000,2181.053500,45.613500
54,SUCCESS,6,129000,129000,2152.434750,2184.686500,32.251750
671,SUCCESS,7,121000,121000,2158.655000,2188.906750,30.251750
253,SUCCESS,5,99000,99000,2140.175500,2189.773500,49.598000
744,SUCCESS,0,77000,77000,2114.788000,2191.802500,77.014500
523,SUCCESS,3,99000,99000,2145.156000,2194.661500,49.505500
913,SUCCESS,1,73000,73000,2144.829000,2217.882000,73.053000
798,SUCCESS,6,135000,135000,2184.796500,2218.548250,33.751750
135,SUCCESS,7,123000,123000,2189.016750,2219.768500,30.751750
252,SUCCESS,4,93000,93000,2179.765500,2226.272000,46.506500
802,SUCCESS,2,91000,91000,2181.163500,2226.779000,45.615500
389,SUCCESS,5,99000,99000,2189.883500,2239.498500,49.615000
619,SUCCESS,3,99000,99000,2194.771500,2244.386000,49.614500
743,SUCCESS,7,125000,125000,2219.878500,2251.130250,31.251750
982,SUCCESS,6,135000,135000,2218.658250,2252.410750,33.752500
976,SUCCESS,0,77000,77000,2191.912500,2269.037000,77.124500
404,SUCCESS,4,93000,93000,2226.382000,2272.887000,46.505000
746,SUCCESS,2,93000,93000,2226.889000,2273.503500,46.614500
791,SUCCESS,7,125000,125000,2251.240250,2282.602000,31.361750
22,SUCCESS,6,150000,150000,2252.520750,2290.023000,37.502250
221,SUCCESS,5,103000,103000,2239.608500,2291.224500,51.616000
121,SUCCESS,1,75000,75000,2217.992000,2293.011000,75.019000
219,SUCCESS,3,101000,101000,2244.496000,2295.003000,50.507000
151,SUCCESS,7,127000,127000,2282.712000,2314.573750,31.861750
500,SUCCESS,4,93000,93000,2272.997000,2319.612500,46.615500
866,SUCCESS,2,93000,93000,2273.613500,2320.229000,46.615500
326,SUCCESS,6,150000,150000,2290.133000,2327.745500,37.612500
797,SUCCESS,5,103000,103000,2291.334500,2342.838500,51.504000
483,SUCCESS,3,101000,101000,2295.113000,2345.616500,50.503500
343,SUCCESS,7,129000,129000,2314.683750,2347.045500,32.361750
424,SUCCESS,0,79000,79000,2269.147000,2348.266000,79.119000
446,SUCCESS,6,150000,150000,2327.855500,2365.357000,37.501500
780,SUCCESS,4,93000,93000,2319.722500,2366.226500,46.504000
82,SUCCESS,2,95000,95000,2320.339000,2367.843000,47.504000
161,SUCCESS,1,75000,75000,2293.121000,2368.134000,75.013000
735,SUCCESS,7,129000,129000,2347.155500,2379.407000,32.251500
941,SUCCESS,5,103000,103000,2342.948500,2394.563000,51.614500
539,SUCCESS,3,101000,101000,2345.726500,2396.232000,50.505500
574,SUCCESS,6,150000,150000,2365.467000,2402.969000,37.502000
919,SUCCESS,7,129000,129000,2379.517000,2411.799250,32.282250
948,SUCCESS,4,93000,93000,2366.336500,2412.931000,46.594500
226,SUCCESS,2,95000,95000,2367.953000,2415.525500,47.572500
456,SUCCESS,0,79000,79000,2348.376000,2427.496000,79.120000
654,SUCCESS,6,150000,150000,2403.079000,2440.690500,37.611500
225,SUCCESS,1,75000,75000,2368.244000,2443.364000,75.120000
223,SUCCESS,7,135000,135000,2411.909250,2445.661750,33.752500
667,SUCCESS,3,101000,101000,2396.342000,2446.882000,50.540000
317,SUCCESS,5,105000,105000,2394.673000,2447.179500,52.506500
132,SUCCESS,4,95000,95000,2413.041000,2460.656000,47.615000
250,SUCCESS,2,95000,95000,2415.635500,2463.251000,47.615500
975,SUCCESS,7,135000,135000,2445.771750,2479.633250,33.861500
187,SUCCESS,3,103000,103000,2446.992000,2498.605250,51.613250
325,SUCCESS,5,105000,105000,2447.289500,2499.825500,52.536000
600,SUCCESS,0,79000,79000,2427.606000,2506.731000,79.125000
284,SUCCESS,4,95000,95000,2460.766000,2508.381500,47.615500
810,SUCCESS,2,95000,95000,2463.361000,2510.976500,47.615500
327,SUCCESS,7,150000,150000,2479.743250,2517.306500,37.563250
385,SUCCESS,1,75000,75000,2443.474000,2518.527000,75.053000
694,SUCCESS,6,337500,337500,2440.800500,2525.181250,84.380750
611,SUCCESS,3,103000,103000,2498.715250,2550.331000,51.615750
381,SUCCESS,5,105000,105000,2499.935500,2552.551500,52.616000
703,SUCCESS,7,150000,150000,2517.416500,2555.028250,37.611750
388,SUCCESS,4,95000,95000,2508.491500,2555.997000,47.505500
66,SUCCESS,2,97000,97000,2511.086500,2559.594000,48.507500
848,SUCCESS,0,79000,79000,2506.841000,2585.964000,79.123000
849,SUCCESS,1,75000,75000,2518.637000,2593.682000,75.045000
907,SUCCESS,3,103000,103000,2550.441000,2602.055500,51.614500
580,SUCCESS,4,95000,95000,2556.107000,2603.610000,47.503000
533,SUCCESS,5,105000,105000,2552.661500,2605.167000,52.505500
274,SUCCESS,2,97000,97000,2559.704000,2608.208000,48.504000
878,SUCCESS,6,337500,337500,2525.291250,2609.780250,84.489000
439,SUCCESS,7,337500,337500,2555.138250,2639.516500,84.378250
684,SUCCESS,4,95000,95000,2603.720000,2651.333000,47.613000
979,SUCCESS,3,103000,103000,2602.165500,2653.780000,51.614500
282,SUCCESS,2,97000,97000,2608.318000,2656.931000,48.613000
581,SUCCESS,5,105000,105000,2605.277000,2657.850000,52.573000
40,SUCCESS,0,81000,81000,2586.074000,2667.089000,81.015000
105,SUCCESS,1,77000,77000,2593.792000,2670.807000,77.015000
460,SUCCESS,4,97000,97000,2651.443000,2700.027500,48.584500
171,SUCCESS,3,105000,105000,2653.890000,2706.475000,52.585000
290,SUCCESS,2,99000,99000,2657.041000,2706.585000,49.544000
925,SUCCESS,5,105000,105000,2657.960000,2710.462000,52.502000
142,SUCCESS,6,525000,525000,2609.890250,2741.143500,131.253250
329,SUCCESS,1,77000,77000,2670.917000,2748.030000,77.113000
408,SUCCESS,0,81000,81000,2667.199000,2748.250000,81.051000
428,SUCCESS,4,99000,99000,2700.137500,2749.640000,49.502500
642,SUCCESS,2,99000,99000,2706.695000,2756.198000,49.503000
259,SUCCESS,3,105000,105000,2706.585000,2759.088500,52.503500
845,SUCCESS,5,107000,107000,2710.572000,2764.076000,53.504000
591,SUCCESS,7,525000,525000,2639.626500,2770.881000,131.254500
836,SUCCESS,4,99000,99000,2749.750000,2799.362500,49.612500
298,SUCCESS,2,101000,101000,2756.308000,2806.811000,50.503000
323,SUCCESS,3,105000,105000,2759.198500,2811.812000,52.613500
453,SUCCESS,5,109000,109000,2764.186000,2818.800000,54.614000
433,SUCCESS,1,77000,77000,2748.140000,2825.264000,77.124000
488,SUCCESS,0,81000,81000,2748.360000,2829.485000,81.125000
524,SUCCESS,4,101000,101000,2799.472500,2849.979500,50.507000
234,SUCCESS,2,103000,103000,2806.921000,2858.447500,51.526500
107,SUCCESS,3,109000,109000,2811.922000,2866.537000,54.615000
230,SUCCESS,6,525000,525000,2741.253500,2872.620000,131.366500
109,SUCCESS,5,111000,111000,2818.910000,2874.525500,55.615500
828,SUCCESS,4,101000,101000,2850.089500,2900.702500,50.613000
631,SUCCESS,7,525000,525000,2770.991000,2902.357250,131.366250
89,SUCCESS,1,79000,79000,2825.374000,2904.496000,79.122000
930,SUCCESS,2,103000,103000,2858.557500,2910.111000,51.553500
768,SUCCESS,0,81000,81000,2829.595000,2910.609000,81.014000
875,SUCCESS,3,109000,109000,2866.647000,2921.264000,54.617000
189,SUCCESS,5,111000,111000,2874.635500,2930.252000,55.616500
884,SUCCESS,4,101000,101000,2900.812500,2951.319000,50.506500
258,SUCCESS,2,105000,105000,2910.221000,2962.835000,52.614000
115,SUCCESS,3,111000,111000,2921.374000,2976.945500,55.571500
273,SUCCESS,1,79000,79000,2904.606000,2983.671000,79.065000
837,SUCCESS,5,113000,113000,2930.362000,2986.891500,56.529500
568,SUCCESS,0,83000,83000,2910.719000,2993.837000,83.118000
204,SUCCESS,4,103000,103000,2951.429000,3002.985500,51.556500
262,SUCCESS,6,525000,525000,2872.730000,3004.000750,131.270750
18,SUCCESS,2,107000,107000,2962.945000,3016.558500,53.613500
291,SUCCESS,3,111000,111000,2977.055500,3032.669000,55.613500
903,SUCCESS,7,525000,525000,2902.467250,3033.833250,131.366000
981,SUCCESS,5,113000,113000,2987.001500,3043.506000,56.504500
308,SUCCESS,4,103000,103000,3003.095500,3054.709000,51.613500
393,SUCCESS,1,79000,79000,2983.781000,3062.792000,79.011000
450,SUCCESS,2,107000,107000,3016.668500,3070.282500,53.614000
592,SUCCESS,0,83000,83000,2993.947000,3076.959000,83.012000
379,SUCCESS,3,111000,111000,3032.779000,3088.324000,55.545000
245,SUCCESS,5,115000,115000,3043.616000,3101.229500,57.613500
100,SUCCESS,4,105000,105000,3054.819000,3107.322500,52.503500
98,SUCCESS,2,109000,109000,3070.392500,3125.004500,54.612000
809,SUCCESS,1,79000,79000,3062.902000,3142.020000,79.118000
803,SUCCESS,3,111000,111000,3088.434000,3143.936500,55.502500
821,SUCCESS,5,115000,115000,3101.339500,3158.904500,57.565000
716,SUCCESS,4,105000,105000,3107.432500,3160.030000,52.597500
344,SUCCESS,0,85000,85000,3077.069000,3162.078000,85.009000
154,SUCCESS,2,109000,109000,3125.114500,3179.617500,54.503000
38,SUCCESS,6,712500,712500,3004.110750,3182.241750,178.131000
163,SUCCESS,3,113000,113000,3144.046500,3200.660000,56.613500
15,SUCCESS,7,712500,712500,3033.943250,3212.184000,178.240750
740,SUCCESS,4,105000,105000,3160.140000,3212.754000,52.614000
957,SUCCESS,5,115000,115000,3159.014500,3216.630000,57.615500
833,SUCCESS,1,81000,81000,3142.130000,3223.254000,81.124000
394,SUCCESS,2,109000,109000,3179.727500,3234.234000,54.506500
952,SUCCESS,0,85000,85000,3162.188000,3247.312000,85.124000
547,SUCCESS,3,113000,113000,3200.770000,3257.275500,56.505500
964,SUCCESS,4,105000,105000,3212.864000,3265.478500,52.614500
101,SUCCESS,5,117000,117000,3216.740000,3275.244000,58.504000
618,SUCCESS,2,109000,109000,3234.344000,3288.956500,54.612500
425,SUCCESS,1,83000,83000,3223.364000,3306.415000,83.051000
195,SUCCESS,3,115000,115000,3257.385500,3314.998500,57.613000
700,SUCCESS,4,107000,107000,3265.588500,3319.092500,53.504000
133,SUCCESS,5,117000,117000,3275.354000,3333.887000,58.533000
16,SUCCESS,0,87000,87000,3247.422000,3334.542000,87.120000
962,SUCCESS,2,109000,109000,3289.066500,3343.570500,54.504000
166,SUCCESS,6,712500,712500,3182.351750,3360.593500,178.241750
779,SUCCESS,3,115000,115000,3315.108500,3372.612000,57.503500
732,SUCCESS,4,109000,109000,3319.202500,3373.816000,54.613500
601,SUCCESS,1,83000,83000,3306.525000,3389.608750,83.083750
823,SUCCESS,7,712500,712500,3212.294000,3390.535750,178.241750
125,SUCCESS,5,119000,119000,3333.997000,3393.501500,59.504500
322,SUCCESS,2,115000,115000,3343.680500,3401.294500,57.614000
608,SUCCESS,0,87000,87000,3334.652000,3421.662000,87.010000
868,SUCCESS,4,109000,109000,3373.926000,3428.540000,54.614000
83,SUCCESS,3,117000,117000,3372.722000,3431.228000,58.506000
405,SUCCESS,5,119000,119000,3393.611500,3453.225500,59.614000
850,SUCCESS,2,115000,115000,3401.404500,3458.908000,57.503500
297,SUCCESS,1,85000,85000,3389.718750,3474.820000,85.101250
12,SUCCESS,4,111000,111000,3428.650000,3484.263000,55.613000
387,SUCCESS,3,117000,117000,3431.338000,3489.841000,58.503000
96,SUCCESS,0,89000,89000,3421.772000,3510.781000,89.009000
293,SUCCESS,5,121000,121000,3453.335500,3513.947000,60.611500
162,SUCCESS,2,117000,117000,3459.018000,3517.574000,58.556000
188,SUCCESS,4,111000,111000,3484.373000,3539.985500,55.612500
403,SUCCESS,3,117000,117000,3489.951000,3548.468500,58.517500
49,SUCCESS,1,87000,87000,3474.930000,3561.939000,87.009000
967,SUCCESS,7,712500,712500,3390.645750,3568.837000,178.191250
437,SUCCESS,5,121000,121000,3514.057000,3574.670500,60.613500
442,SUCCESS,2,117000,117000,3517.684000,3576.298500,58.614500
206,SUCCESS,6,900000,900000,3360.703500,3586.821750,226.118250
508,SUCCESS,4,111000,111000,3540.095500,3595.600500,55.505000
432,SUCCESS,0,89000,89000,3510.891000,3600.017000,89.126000
579,SUCCESS,3,117000,117000,3548.578500,3607.084500,58.506000
698,SUCCESS,2,117000,117000,3576.408500,3634.911500,58.503000
525,SUCCESS,5,121000,121000,3574.780500,3635.373500,60.593000
153,SUCCESS,1,87000,87000,3562.049000,3649.173500,87.124500
556,SUCCESS,4,111000,111000,3595.710500,3651.213500,55.503000
627,SUCCESS,3,117000,117000,3607.194500,3665.806000,58.611500
872,SUCCESS,0,89000,89000,3600.127000,3689.245000,89.118000
714,SUCCESS,2,117000,117000,3635.021500,3693.525500,58.504000
541,SUCCESS,5,121000,121000,3635.483500,3696.098000,60.614500
892,SUCCESS,4,111000,111000,3651.323500,3706.828000,55.504500
899,SUCCESS,3,119000,119000,3665.916000,3725.530500,59.614500
409,SUCCESS,1,87000,87000,3649.283500,3736.295500,87.012000
778,SUCCESS,2,117000,117000,3693.635500,3752.249000,58.613500
13,SUCCESS,5,125000,125000,3696.208000,3758.821000,62.613000
572,SUCCESS,4,113000,113000,3706.938000,3763.552000,56.614000
304,SUCCESS,0,91000,91000,3689.355000,3780.477000,91.122000
971,SUCCESS,3,119000,119000,3725.640500,3785.255000,59.614500
855,SUCCESS,7,900000,900000,3568.947000,3795.066250,226.119250
170,SUCCESS,2,119000,119000,3752.359000,3811.864000,59.505000
454,SUCCESS,6,900000,900000,3586.931750,3811.974000,225.042250
604,SUCCESS,4,113000,113000,3763.662000,3820.190500,56.528500
77,SUCCESS,5,125000,125000,3758.931000,3821.546500,62.615500
401,SUCCESS,1,89000,89000,3736.405500,3825.416500,89.011000
123,SUCCESS,3,121000,121000,3785.365000,3845.978500,60.613500
730,SUCCESS,2,119000,119000,3811.974000,3871.498500,59.524500
352,SUCCESS,0,91000,91000,3780.587000,3871.608500,91.021500
972,SUCCESS,4,113000,113000,3820.300500,3876.829000,56.528500
421,SUCCESS,5,125000,125000,3821.656500,3884.269500,62.613000
451,SUCCESS,3,121000,121000,3846.088500,3906.701500,60.613000
25,SUCCESS,1,91000,91000,3825.526500,3916.535000,91.008500
338,SUCCESS,2,121000,121000,3871.608500,3932.113000,60.504500
92,SUCCESS,4,115000,115000,3876.939000,3934.553500,57.614500
669,SUCCESS,5,125000,125000,3884.379500,3946.993500,62.614000
904,SUCCESS,0,91000,91000,3871.718500,3962.736000,91.017500
683,SUCCESS,3,121000,121000,3906.811500,3967.315500,60.504000
452,SUCCESS,4,115000,115000,3934.663500,3992.166000,57.502500
690,SUCCESS,2,121000,121000,3932.223000,3992.837000,60.614000
593,SUCCESS,1,91000,91000,3916.645000,4007.767000,91.122000
805,SUCCESS,5,125000,125000,3947.103500,4009.607500,62.504000
307,SUCCESS,3,123000,123000,3967.425500,4029.040000,61.614500
806,SUCCESS,6,900000,900000,3812.084000,4037.092000,225.008000
860,SUCCESS,4,115000,115000,3992.276000,4049.891000,57.615000
882,SUCCESS,2,121000,121000,3992.947000,4053.560500,60.613500
224,SUCCESS,0,93000,93000,3962.846000,4055.861000,93.015000
429,SUCCESS,5,127000,127000,4009.717500,4073.332500,63.615000
851,SUCCESS,3,123000,123000,4029.150000,4090.764500,61.614500
609,SUCCESS,1,91000,91000,4007.877000,4098.985000,91.108000
356,SUCCESS,4,117000,117000,4050.001000,4108.521500,58.520500
434,SUCCESS,2,123000,123000,4053.670500,4115.287000,61.616500
637,SUCCESS,5,127000,127000,4073.442500,4137.058500,63.616000
576,SUCCESS,0,93000,93000,4055.971000,4149.100000,93.129000
363,SUCCESS,3,125000,125000,4090.874500,4153.392500,62.518000
468,SUCCESS,4,117000,117000,4108.631500,4167.248000,58.616500
178,SUCCESS,2,125000,125000,4115.397000,4177.903000,62.506000
81,SUCCESS,1,93000,93000,4099.095000,4192.123000,93.028000
37,SUCCESS,5,129000,129000,4137.168500,4201.674500,64.506000
491,SUCCESS,3,125000,125000,4153.502500,4216.116500,62.614000
676,SUCCESS,4,117000,117000,4167.358000,4225.972000,58.614000
194,SUCCESS,2,125000,125000,4178.013000,4240.546000,62.533000
784,SUCCESS,0,93000,93000,4149.210000,4242.340000,93.130000
69,SUCCESS,5,129000,129000,4201.784500,4266.401000,64.616500
251,SUCCESS,3,127000,127000,4216.226500,4279.842500,63.616000
449,SUCCESS,1,93000,93000,4192.233000,4285.254000,93.021000
484,SUCCESS,4,119000,119000,4226.082000,4285.588500,59.506500
554,SUCCESS,2,125000,125000,4240.656000,4303.273000,62.617000
357,SUCCESS,5,129000,129000,4266.511000,4331.126000,64.615000
400,SUCCESS,0,95000,95000,4242.450000,4337.468000,95.018000
283,SUCCESS,3,127000,127000,4279.952500,4343.458500,63.506000
532,SUCCESS,4,119000,119000,4285.698500,4345.314500,59.616000
738,SUCCESS,2,125000,125000,4303.383000,4365.888500,62.505500
585,SUCCESS,1,93000,93000,4285.364000,4378.384000,93.020000
413,SUCCESS,5,129000,129000,4331.236000,4395.852000,64.616000
628,SUCCESS,4,119000,119000,4345.424500,4404.967000,59.542500
299,SUCCESS,3,127000,127000,4343.568500,4407.109000,63.540500
650,SUCCESS,2,127000,127000,4365.998500,4429.504500,63.506000
496,SUCCESS,0,95000,95000,4337.578000,4432.710000,95.132000
677,SUCCESS,5,129000,129000,4395.962000,4460.467500,64.505500
620,SUCCESS,4,121000,121000,4405.077000,4465.687500,60.610500
643,SUCCESS,3,127000,127000,4407.219000,4470.833500,63.614500
281,SUCCESS,1,95000,95000,4378.494000,4473.628000,95.134000
898,SUCCESS,2,127000,127000,4429.614500,4493.231000,63.616500
996,SUCCESS,4,123000,123000,4465.797500,4527.342000,61.544500
736,SUCCESS,0,95000,95000,4432.820000,4527.838500,95.018500
653,SUCCESS,5,135000,135000,4460.577500,4528.195000,67.617500
867,SUCCESS,3,127000,127000,4470.943500,4534.560500,63.617000
122,SUCCESS,2,129000,129000,4493.341000,4557.957000,64.616000
513,SUCCESS,1,95000,95000,4473.738000,4568.798000,95.060000
540,SUCCESS,4,125000,125000,4527.452000,4590.018000,62.566000
717,SUCCESS,5,135000,135000,4528.305000,4595.921500,67.616500
59,SUCCESS,3,129000,129000,4534.670500,4599.255000,64.584500
914,SUCCESS,2,129000,129000,4558.067000,4622.572500,64.505500
792,SUCCESS,0,95000,95000,4527.948500,4623.081500,95.133000
564,SUCCESS,4,125000,125000,4590.128000,4652.743000,62.615000
749,SUCCESS,5,135000,135000,4596.031500,4663.631000,67.599500
571,SUCCESS,3,129000,129000,4599.365000,4663.871000,64.506000
681,SUCCESS,1,95000,95000,4568.908000,4663.981000,95.073000
26,SUCCESS,2,135000,135000,4622.682500,4690.201000,67.518500
924,SUCCESS,4,127000,127000,4652.853000,4716.421000,63.568000
992,SUCCESS,0,97000,97000,4623.191500,4720.315000,97.123500
939,SUCCESS,3,129000,129000,4663.981000,4728.535000,64.554000
93,SUCCESS,5,150000,150000,4663.741000,4738.755000,75.014000
378,SUCCESS,2,135000,135000,4690.311000,4757.816500,67.505500
929,SUCCESS,1,95000,95000,4664.091000,4759.218000,95.127000
36,SUCCESS,4,129000,129000,4716.531000,4781.037500,64.506500
411,SUCCESS,3,135000,135000,4728.645000,4796.257500,67.612500
757,SUCCESS,5,150000,150000,4738.865000,4813.870000,75.005000
184,SUCCESS,0,99000,99000,4720.425000,4819.554000,99.129000
58,SUCCESS,2,150000,150000,4757.926500,4832.933500,75.007000
108,SUCCESS,4,129000,129000,4781.147500,4845.719000,64.571500
217,SUCCESS,1,97000,97000,4759.328000,4856.344000,97.016000
659,SUCCESS,3,135000,135000,4796.367500,4863.873500,67.506000
829,SUCCESS,5,150000,150000,4813.980000,4889.003000,75.023000
138,SUCCESS,2,150000,150000,4833.043500,4908.048000,75.004500
724,SUCCESS,4,129000,129000,4845.829000,4910.378000,64.549000
896,SUCCESS,0,99000,99000,4819.664000,4918.681000,99.017000
819,SUCCESS,3,135000,135000,4863.983500,4931.598500,67.615000
977,SUCCESS,1,97000,97000,4856.454000,4953.470500,97.016500
917,SUCCESS,5,150000,150000,4889.113000,4964.229500,75.116500
340,SUCCESS,4,135000,135000,4910.488000,4977.994000,67.506000
586,SUCCESS,2,150000,150000,4908.158000,4983.172000,75.014000
747,SUCCESS,3,150000,150000,4931.708500,5006.713000,75.004500
88,SUCCESS,0,101000,101000,4918.791000,5019.806000,101.015000
396,SUCCESS,4,135000,135000,4978.104000,5045.716500,67.612500
169,SUCCESS,1,99000,99000,4953.580500,5052.706000,99.125500
412,SUCCESS,4,135000,135000,5045.826500,5113.439000,67.612500
472,SUCCESS,0,101000,101000,5019.916000,5120.930000,101.014000
733,SUCCESS,5,337500,337500,4964.339500,5133.150000,168.810500
321,SUCCESS,1,99000,99000,5052.816000,5151.824000,99.008000
626,SUCCESS,2,337500,337500,4983.282000,5152.044000,168.762000
35,SUCCESS,3,337500,337500,5006.823000,5175.583000,168.760000
324,SUCCESS,4,150000,150000,5113.549000,5188.553500,75.004500
704,SUCCESS,0,101000,101000,5121.040000,5222.050000,101.010000
337,SUCCESS,1,99000,99000,5151.934000,5251.052000,99.118000
332,SUCCESS,4,150000,150000,5188.663500,5263.666000,75.002500
773,SUCCESS,5,337500,337500,5133.260000,5302.126500,168.866500
816,SUCCESS,0,101000,101000,5222.160000,5323.169000,101.009000
369,SUCCESS,1,99000,99000,5251.162000,5350.169000,99.007000
362,SUCCESS,2,525000,525000,5152.154000,5414.662000,262.508000
616,SUCCESS,0,103000,103000,5323.279000,5426.283000,103.004000
372,SUCCESS,4,337500,337500,5263.776000,5432.641500,168.865500
507,SUCCESS,3,525000,525000,5175.693000,5438.204500,262.511500
649,SUCCESS,1,99000,99000,5350.279000,5449.400000,99.121000
997,SUCCESS,5,337500,337500,5302.236500,5471.105000,168.868500
296,SUCCESS,0,105000,105000,5426.393000,5531.412000,105.019000
801,SUCCESS,1,99000,99000,5449.510000,5548.627000,99.117000
712,SUCCESS,0,105000,105000,5531.522000,5636.526000,105.004000
361,SUCCESS,1,101000,101000,5548.737000,5649.746000,101.009000
370,SUCCESS,2,525000,525000,5414.772000,5677.285500,262.513500
212,SUCCESS,4,525000,525000,5432.751500,5695.372500,262.621000
29,SUCCESS,5,525000,525000,5471.215000,5733.832500,262.617500
832,SUCCESS,0,107000,107000,5636.636000,5743.758000,107.122000
457,SUCCESS,1,101000,101000,5649.856000,5750.978000,101.122000
67,SUCCESS,3,712500,712500,5438.314500,5794.602000,356.287500
673,SUCCESS,1,101000,101000,5751.088000,5852.200000,101.112000
728,SUCCESS,0,109000,109000,5743.868000,5852.875000,109.007000
402,SUCCESS,2,525000,525000,5677.395500,5939.985500,262.590000
737,SUCCESS,1,101000,101000,5852.310000,5953.329000,101.019000
72,SUCCESS,0,111000,111000,5852.985000,5963.991000,111.006000
157,SUCCESS,5,525000,525000,5733.942500,5996.460000,262.517500
348,SUCCESS,4,712500,712500,5695.482500,6051.854000,356.371500
129,SUCCESS,1,103000,103000,5953.439000,6056.447000,103.008000
528,SUCCESS,0,111000,111000,5964.101000,6075.221000,111.120000
355,SUCCESS,3,712500,712500,5794.712000,6150.973500,356.261500
241,SUCCESS,1,103000,103000,6056.557000,6159.590000,103.033000
584,SUCCESS,0,111000,111000,6075.331000,6186.336000,111.005000
578,SUCCESS,2,525000,525000,5940.095500,6202.607000,262.511500
901,SUCCESS,5,525000,525000,5996.570000,6259.080000,262.510000
305,SUCCESS,1,103000,103000,6159.700000,6262.816000,103.116000
624,SUCCESS,0,111000,111000,6186.446000,6297.453000,111.007000
857,SUCCESS,1,103000,103000,6262.926000,6366.038000,103.112000
444,SUCCESS,4,712500,712500,6051.964000,6408.298500,356.334500
632,SUCCESS,0,111000,111000,6297.563000,6408.570500,111.007500
185,SUCCESS,1,107000,107000,6366.148000,6473.264000,107.116000
435,SUCCESS,3,712500,712500,6151.083500,6507.456000,356.372500
800,SUCCESS,0,111000,111000,6408.680500,6519.799000,111.118500
666,SUCCESS,2,712500,712500,6202.717000,6559.019000,356.302000
521,SUCCESS,1,109000,109000,6473.374000,6582.494000,109.120000
445,SUCCESS,5,712500,712500,6259.190000,6615.454500,356.264500
80,SUCCESS,0,113000,113000,6519.909000,6632.918000,113.009000
825,SUCCESS,1,109000,109000,6582.604000,6691.690000,109.086000
384,SUCCESS,0,113000,113000,6633.028000,6746.140000,113.112000
772,SUCCESS,4,712500,712500,6408.408500,6764.671500,356.263000
881,SUCCESS,1,109000,109000,6691.800000,6800.892000,109.092000
520,SUCCESS,0,113000,113000,6746.250000,6859.362000,113.112000
177,SUCCESS,1,113000,113000,6801.002000,6914.115000,113.113000
754,SUCCESS,2,712500,712500,6559.129000,6915.499500,356.370500
155,SUCCESS,3,900000,900000,6507.566000,6958.691500,451.125500
789,SUCCESS,5,712500,712500,6615.564500,6971.911500,356.347000
168,SUCCESS,0,115000,115000,6859.472000,6974.574000,115.102000
473,SUCCESS,1,113000,113000,6914.225000,7027.347000,113.122000
336,SUCCESS,0,115000,115000,6974.684000,7089.797000,115.113000
113,SUCCESS,1,115000,115000,7027.457000,7142.570000,115.113000
392,SUCCESS,0,115000,115000,7089.907000,7205.020000,115.113000
980,SUCCESS,4,900000,900000,6764.781500,7214.797500,450.016000
545,SUCCESS,1,115000,115000,7142.680000,7257.685000,115.005000
536,SUCCESS,0,115000,115000,7205.130000,7320.244000,115.114000
949,SUCCESS,5,712500,712500,6972.021500,7328.281500,356.260000
90,SUCCESS,2,900000,900000,6915.609500,7366.733500,451.124000
505,SUCCESS,1,117000,117000,7257.795000,7374.805000,117.010000
475,SUCCESS,3,900000,900000,6958.801500,7409.916000,451.114500
912,SUCCESS,0,115000,115000,7320.354000,7435.449000,115.095000
569,SUCCESS,1,117000,117000,7374.915000,7491.921000,117.006000
128,SUCCESS,0,117000,117000,7435.559000,7552.639000,117.080000
617,SUCCESS,1,117000,117000,7492.031000,7609.144000,117.113000
776,SUCCESS,0,119000,119000,7552.749000,7671.863000,119.114000
665,SUCCESS,1,117000,117000,7609.254000,7726.367000,117.113000
277,SUCCESS,5,900000,900000,7328.391500,7779.513500,451.122000
936,SUCCESS,0,119000,119000,7671.973000,7791.090000,119.117000
306,SUCCESS,2,900000,900000,7366.843500,7817.966500,451.123000
873,SUCCESS,1,117000,117000,7726.477000,7843.521000,117.044000
811,SUCCESS,3,900000,900000,7410.026000,7861.149500,451.123500
120,SUCCESS,0,121000,121000,7791.200000,7912.210000,121.010000
57,SUCCESS,1,119000,119000,7843.631000,7962.637000,119.006000
144,SUCCESS,0,121000,121000,7912.320000,8033.432000,121.112000
209,SUCCESS,1,119000,119000,7962.747000,8081.860000,119.113000
192,SUCCESS,0,121000,121000,8033.542000,8154.655000,121.113000
489,SUCCESS,1,119000,119000,8081.970000,8200.974000,119.004000
549,SUCCESS,5,900000,900000,7779.623500,8229.662000,450.038500
330,SUCCESS,2,900000,900000,7818.076500,8268.087500,450.011000
360,SUCCESS,0,121000,121000,8154.765000,8275.769000,121.004000
835,SUCCESS,3,900000,900000,7861.259500,8312.379000,451.119500
753,SUCCESS,1,119000,119000,8201.084000,8320.199000,119.115000
480,SUCCESS,0,121000,121000,8275.879000,8396.993000,121.114000
761,SUCCESS,1,119000,119000,8320.309000,8439.323000,119.014000
208,SUCCESS,0,123000,123000,8397.103000,8520.214000,123.111000
865,SUCCESS,1,119000,119000,8439.433000,8558.546000,119.113000
328,SUCCESS,0,123000,123000,8520.324000,8643.436000,123.112000
257,SUCCESS,1,121000,121000,8558.656000,8679.769000,121.113000
869,SUCCESS,5,900000,900000,8229.772000,8679.879000,450.107000
530,SUCCESS,2,900000,900000,8268.197500,8718.206000,450.008500
859,SUCCESS,3,900000,900000,8312.489000,8762.496000,450.007000
552,SUCCESS,0,123000,123000,8643.546000,8766.663000,123.117000
17,SUCCESS,1,123000,123000,8679.879000,8802.996000,123.117000
152,SUCCESS,0,125000,125000,8766.773000,8891.780000,125.007000
97,SUCCESS,1,123000,123000,8803.106000,8926.108000,123.002000
176,SUCCESS,0,125000,125000,8891.890000,9016.892000,125.002000
313,SUCCESS,1,123000,123000,8926.218000,9049.326000,123.108000
973,SUCCESS,5,900000,900000,8679.989000,9131.105000,451.116000
232,SUCCESS,0,125000,125000,9017.002000,9142.004000,125.002000
890,SUCCESS,2,900000,900000,8718.316000,9168.334000,450.018000
697,SUCCESS,1,125000,125000,9049.436000,9174.548000,125.112000
272,SUCCESS,0,125000,125000,9142.114000,9267.118000,125.004000
905,SUCCESS,1,125000,125000,9174.658000,9299.771000,125.113000
560,SUCCESS,0,125000,125000,9267.228000,9392.232000,125.004000
377,SUCCESS,1,127000,127000,9299.881000,9426.884000,127.003000
824,SUCCESS,0,125000,125000,9392.342000,9517.344000,125.002000
633,SUCCESS,1,127000,127000,9426.994000,9553.995000,127.001000
48,SUCCESS,0,127000,127000,9517.454000,9644.459000,127.005000
689,SUCCESS,1,127000,127000,9554.105000,9681.217000,127.112000
56,SUCCESS,0,127000,127000,9644.569000,9771.572000,127.003000
793,SUCCESS,1,129000,129000,9681.327000,9810.329000,129.002000
312,SUCCESS,0,127000,127000,9771.682000,9898.685000,127.003000
961,SUCCESS,1,129000,129000,9810.439000,9939.443000,129.004000
672,SUCCESS,0,127000,127000,9898.795000,10025.799000,127.004000
769,SUCCESS,1,135000,135000,9939.553000,10074.557000,135.004000
960,SUCCESS,0,127000,127000,10025.909000,10152.913000,127.004000
985,SUCCESS,1,135000,135000,10074.667000,10209.756000,135.089000
984,SUCCESS,0,127000,127000,10153.023000,10280.135000,127.112000
193,SUCCESS,1,150000,150000,10209.866000,10359.979000,150.113000
32,SUCCESS,0,129000,129000,10280.245000,10409.309000,129.064000
729,SUCCESS,1,150000,150000,10360.089000,10510.090000,150.001000
280,SUCCESS,0,135000,135000,10409.419000,10544.420000,135.001000
920,SUCCESS,0,135000,135000,10544.530000,10679.531000,135.001000
264,SUCCESS,0,150000,150000,10679.641000,10829.752000,150.111000
705,SUCCESS,1,337500,337500,10510.200000,10847.704000,337.504000
376,SUCCESS,0,150000,150000,10829.862000,10979.925000,150.063000
888,SUCCESS,0,150000,150000,10980.035000,11130.110000,150.075000
880,SUCCESS,0,337500,337500,11130.220000,11467.831000,337.611000
345,SUCCESS,1,712500,712500,10847.814000,11560.321000,712.507000
656,SUCCESS,0,525000,525000,11467.941000,11992.943000,525.002000
441,SUCCESS,1,712500,712500,11560.431000,12272.988000,712.557000
200,SUCCESS,0,712500,712500,11993.053000,12705.566000,712.513000
233,SUCCESS,1,900000,900000,12273.098000,13173.101000,900.003000
216,SUCCESS,0,712500,712500,12705.676000,13418.289000,712.613000
625,SUCCESS,1,900000,900000,13173.211000,14074.324000,901.113000
968,SUCCESS,0,900000,900000,13418.399000,14319.512000,901.113000
777,SUCCESS,1,900000,900000,14074.434000,14975.547000,901.113000
993,SUCCESS,1,900000,900000,14975.657000,15876.768000,901.111000
